entry_date,exit_date,ticker,side,entry_price,exit_price,sl,tp,shares,pnl,win_prob,outcome
2020-12-21,2020-12-21,ADANIENT.NS,BUY,452.8653249076758,446.0723450340607,446.0723450340607,466.4512846549061,11,-74.72277860976652,0.8514313101768494,SL
2020-12-21,2020-12-21,AXISBANK.NS,BUY,602.7333464921288,593.6923462947469,593.6923462947469,620.8153468868927,8,-72.32800157905513,0.6933231353759766,SL
2020-12-21,2020-12-21,HDFCBANK.NS,BUY,653.6476646788648,643.8429497086818,643.8429497086818,673.2570946192307,7,-68.633004791281,0.7061946988105774,SL
2020-12-21,2020-12-21,SBIN.NS,BUY,247.703298313568,243.9877488388645,243.9877488388645,255.13439726297506,20,-74.31098949407044,0.7236786484718323,SL
2020-12-23,2020-12-23,ADANIENT.NS,SELL,456.855335030144,463.7081650555961,463.7081650555961,443.14967497923965,10,-68.52830025452135,0.793164074420929,SL
2021-01-21,2021-01-21,SBIN.NS,BUY,280.5058078619117,276.29822074398305,276.29822074398305,288.92098209776907,17,-71.52898100478711,0.8532378673553467,SL
2021-01-22,2021-01-22,HDFCBANK.NS,BUY,676.8885296429903,666.7352016983455,666.7352016983455,697.19518553228,7,-71.0732956125139,0.8254528045654297,SL
2021-01-22,2021-01-22,RELIANCE.NS,BUY,957.1933088409048,942.8354092082913,942.8354092082913,985.909108106132,5,-71.78949816306783,0.6275084614753723,SL
2021-01-22,2021-01-22,SBIN.NS,BUY,272.6627642104661,268.5728227473091,268.5728227473091,280.8426471367801,18,-73.61894633682607,0.881591796875,SL
2021-01-25,2021-01-25,RELIANCE.NS,BUY,922.7099125187834,908.8692638310017,908.8692638310017,950.391209894347,5,-69.20324343890854,0.6815692186355591,SL
2021-01-25,2021-01-27,SBIN.NS,SELL,262.51287636443817,254.63749007350503,266.45056950990477,254.63749007350503,18,141.75695323679645,0.701229989528656,TP
2021-01-27,2021-01-27,ADANIENT.NS,SELL,511.81760963001614,519.4948737744663,519.4948737744663,496.46308134111564,9,-69.09537730005172,0.7305037975311279,SL
2021-01-27,2021-01-27,HDFCBANK.NS,BUY,676.9345315668586,666.7805135933557,666.7805135933557,697.2425675138644,7,-71.07812581451992,0.6154332160949707,SL
2021-01-27,2021-01-27,SBIN.NS,SELL,258.5452098183164,262.42338796559113,262.42338796559113,250.78885352376687,19,-73.6853847982203,0.712303876876831,SL
2021-01-28,2021-01-28,ADANIENT.NS,SELL,506.03212353938153,513.6226053924722,513.6226053924722,490.8511598332001,9,-68.31433667781624,0.6462973952293396,SL
2021-01-28,2021-01-28,HDFCBANK.NS,BUY,640.9205482392077,631.3067400156197,631.3067400156197,660.148164686384,7,-67.29665756511656,0.7323737144470215,SL
2021-01-29,2021-01-29,ADANIENT.NS,SELL,513.9124083849828,521.6210945107575,521.6210945107575,498.4950361334333,9,-69.37817513197285,0.7469149827957153,SL
2021-01-29,2021-01-29,TCS.NS,BUY,3003.3586931552413,2958.3083127579125,2958.3083127579125,3093.4594539498985,1,-45.05038039732881,0.6088262796401978,SL
2021-02-03,2021-02-03,SBIN.NS,SELL,307.956645646374,312.57599533106963,312.57599533106963,298.7179462769828,16,-73.90959495513016,0.7065651416778564,SL
2021-02-05,2021-02-05,ADANIENT.NS,SELL,593.5129596295509,602.4156540239942,602.4156540239942,575.7075708406644,8,-71.22155515554641,0.6251296997070312,SL
2021-02-11,2021-02-12,ADANIENT.NS,SELL,652.3654397172625,662.1509213130214,662.1509213130214,632.7944765257446,7,-68.49837117031257,0.8256086111068726,SL
2021-02-16,2021-02-16,ICICIBANK.NS,BUY,651.3041452267947,641.5345830483928,641.5345830483928,670.8432695835986,7,-68.38693524881319,0.7666975855827332,SL
2021-02-18,2021-02-19,SBIN.NS,SELL,392.2006743381445,380.43465410800013,398.0836844532167,380.43465410800013,12,141.19224276173236,0.7185745239257812,TP
2021-02-19,2021-02-19,ADANIENT.NS,BUY,810.9680473668393,798.8035266563367,798.8035266563367,835.2970887878445,6,-72.98712426301586,0.6201868057250977,SL
2021-02-19,2021-02-19,ICICIBANK.NS,BUY,614.6476732455143,605.4279581468315,605.4279581468315,633.0871034428798,8,-73.75772078946193,0.6613396406173706,SL
2021-02-19,2021-02-19,SBIN.NS,BUY,382.9273686965026,377.18345816605506,377.18345816605506,394.4151897573977,12,-68.92692636537026,0.8428005576133728,SL
2021-02-25,2021-02-25,ICICIBANK.NS,BUY,621.6114680275654,612.2872960071519,612.2872960071519,640.2598120683923,7,-65.2692041428943,0.7475398182868958,SL
2021-02-26,2021-02-26,ADANIENT.NS,SELL,831.815903508931,844.2931420615649,844.2931420615649,806.861426403663,5,-62.386192763169674,0.8367611169815063,SL
2021-03-04,2021-03-04,ADANIENT.NS,SELL,907.7256449862052,921.3415296609983,921.3415296609983,880.4938756366191,5,-68.07942337396526,0.725420355796814,SL
2021-03-04,2021-03-05,SBIN.NS,BUY,367.8871174497629,362.3688106880165,362.3688106880165,378.9237309732558,13,-71.7379879027036,0.7134672999382019,SL
2021-03-17,2021-03-17,ADANIENT.NS,BUY,895.7556864523748,882.3193511555892,882.3193511555892,922.628357045946,5,-67.18167648392807,0.859768807888031,SL
2021-03-17,2021-03-17,SBIN.NS,BUY,348.9714391008516,343.7368675143388,343.7368675143388,359.44058227387717,14,-73.2840022111792,0.7462509870529175,SL
2021-03-18,2021-03-18,ADANIENT.NS,SELL,873.810687938849,886.9178482579317,886.9178482579317,847.5963673006836,5,-65.53580159541355,0.8601813316345215,SL
2021-03-19,2021-03-23,AXISBANK.NS,BUY,706.0519507718374,727.2335092949925,695.4611715102598,727.2335092949925,6,127.08935113893062,0.6358513832092285,TP
2021-03-24,2021-03-24,ADANIENT.NS,BUY,1060.343096637504,1044.4379501879414,1044.4379501879414,1092.1533895366292,4,-63.62058579825043,0.9559932947158813,SL
2021-03-24,2021-03-24,SBIN.NS,BUY,340.0210744290516,334.9207583126159,334.9207583126159,350.2217066619232,14,-71.40442563010049,0.7320586442947388,SL
2021-03-31,2021-03-31,HDFCBANK.NS,BUY,713.8248223824473,703.1174500467106,703.1174500467106,735.2395670539207,6,-64.2442340144205,0.6515709757804871,SL
2021-04-01,2021-04-05,SBIN.NS,BUY,339.28291616660727,334.1936724241082,334.1936724241082,349.4614036516055,14,-71.2494123949873,0.6569334268569946,SL
2021-04-07,2021-04-07,ADANIENT.NS,BUY,1230.3173594782706,1211.8625990860967,1211.8625990860967,1267.2268802626188,3,-55.3642811765219,0.9039986729621887,SL
2021-04-12,2021-04-12,ADANIENT.NS,BUY,1174.4574223035054,1156.8405609689528,1156.8405609689528,1209.6911449726106,4,-70.46744533821038,0.7185759544372559,SL
2021-04-13,2021-04-13,INFY.NS,BUY,1288.1330023372602,1268.8110073022012,1268.8110073022012,1326.776992407378,3,-57.96598510517697,0.6660614013671875,SL
2021-04-16,2021-04-19,ICICIBANK.NS,SELL,555.7459959464757,539.0736160680814,564.0821858856727,539.0736160680814,8,133.37903902715425,0.6045550107955933,TP
2021-04-19,2021-04-19,SBIN.NS,BUY,301.86672038815544,297.3387195823331,297.3387195823331,310.9227219998001,16,-72.44801289315728,0.7753601670265198,SL
2021-04-20,2021-04-22,SBIN.NS,SELL,309.20237546299944,299.92630419910944,313.84041109494444,299.92630419910944,15,139.14106895835005,0.8191879391670227,TP
2021-04-23,2021-04-23,ICICIBANK.NS,SELL,551.2002486168636,559.4682523461166,559.4682523461166,534.6642411583578,8,-66.14402983402397,0.699167013168335,SL
2021-04-30,2021-04-30,HDFCBANK.NS,BUY,666.3285878929556,656.3336590745613,656.3336590745613,686.3184455297443,7,-69.9645017287603,0.6278793215751648,SL
2021-05-05,2021-05-06,ADANIENT.NS,SELL,1271.2149325908406,1290.2831565797032,1290.2831565797032,1233.0784846131153,3,-57.204671966587966,0.6731037497520447,SL
2021-06-07,2021-06-07,ADANIENT.NS,BUY,1710.7136168027905,1685.0529125507487,1685.0529125507487,1762.0350253068743,2,-51.32140850408359,0.9052842259407043,SL
2021-06-16,2021-06-16,ADANIENT.NS,BUY,1506.226041710741,1483.6326510850797,1483.6326510850797,1551.412822962063,3,-67.78017187698356,0.8979067802429199,SL
2021-06-17,2021-06-17,ADANIENT.NS,BUY,1376.5507999769372,1417.8473239762454,1355.9025379772831,1417.8473239762454,3,123.88957199792458,0.911554753780365,TP
2021-08-02,2021-08-03,ADANIENT.NS,SELL,1432.3636669271264,1453.8491219310333,1453.8491219310333,1389.3927569193127,3,-64.45636501172089,0.6412770748138428,SL
2021-08-05,2021-08-05,SBIN.NS,BUY,429.2996493224006,422.86015458256463,422.86015458256463,442.17863880207267,11,-70.83444213819593,0.8524602651596069,SL
2021-08-09,2021-08-09,ADANIENT.NS,BUY,1543.8585034213777,1520.7006258700571,1520.7006258700571,1590.174258524019,3,-69.47363265396166,0.720096230506897,SL
2021-08-10,2021-08-10,ADANIENT.NS,BUY,1485.266286618562,1462.9872923192836,1462.9872923192836,1529.8242752171188,3,-66.83698289783501,0.6116327047348022,SL
2021-08-18,2021-08-18,ADANIENT.NS,SELL,1439.251025956124,1460.839791345466,1460.839791345466,1396.0734951774402,3,-64.76629616802575,0.6026079654693604,SL
2021-08-23,2021-08-23,ADANIENT.NS,BUY,1412.450419363026,1391.2636630725806,1391.2636630725806,1454.8239319439167,3,-63.56026887133612,0.8358340859413147,SL
2021-08-23,2021-08-27,AXISBANK.NS,SELL,746.3835522395782,749.2715454101562,757.5793055231719,723.9920456723909,6,-17.32795902346834,0.6257238388061523,EXIT
2021-09-15,2021-09-15,ADANIENT.NS,BUY,1521.200028714851,1498.3820282841282,1498.3820282841282,1566.8360295762966,3,-68.45400129216841,0.660760223865509,SL
2021-09-16,2021-09-16,ADANIENT.NS,BUY,1520.201904076054,1497.3988755149132,1497.3988755149132,1565.8079611983355,3,-68.40908568342229,0.7616024017333984,SL
2021-09-17,2021-09-17,SBIN.NS,BUY,435.818284861057,429.28101058814116,429.28101058814116,448.8928334068887,11,-71.91001700207437,0.7431467175483704,SL
2021-09-20,2021-09-20,ADANIENT.NS,BUY,1462.208858548452,1440.2757256702253,1440.2757256702253,1506.0751243049056,3,-65.79939863468053,0.7350624799728394,SL
2021-10-25,2021-10-25,ADANIENT.NS,SELL,1542.1614193904898,1495.896576808775,1565.293840681347,1495.896576808775,3,138.79452774514402,0.7235342264175415,TP
2021-10-25,2021-10-25,INFY.NS,BUY,1564.6657601412892,1541.19577373917,1541.19577373917,1611.605732945528,3,-70.40995920635783,0.6230085492134094,SL
2021-10-26,2021-10-27,ADANIENT.NS,BUY,1529.1854666231366,1575.0610306218307,1506.2476846237896,1575.0610306218307,3,137.6266919960824,0.8338422179222107,TP
2021-10-26,2021-10-29,INFY.NS,BUY,1567.5324207305746,1544.019434419616,1544.019434419616,1614.5583933524917,3,-70.53895893287608,0.6633297801017761,SL
2021-10-27,2021-10-28,ADANIENT.NS,BUY,1545.1560282262117,1521.9786878028185,1521.9786878028185,1591.510709072998,3,-69.53202127017948,0.8342973589897156,SL
2021-10-27,2021-10-29,INFY.NS,BUY,1566.6616437147036,1543.161719058983,1543.161719058983,1613.6614930261446,3,-70.4997739671619,0.6619190573692322,SL
2021-10-28,2021-10-28,ADANIENT.NS,BUY,1547.1524288984424,1523.9451424649658,1523.9451424649658,1593.5670017653956,3,-69.62185930042983,0.7328708171844482,SL
2021-11-16,2021-11-16,ADANIENT.NS,BUY,1756.2175105121485,1729.8742478544661,1729.8742478544661,1808.9040358275129,2,-52.686525315364634,0.6877797245979309,SL
2021-11-24,2021-11-24,INFY.NS,BUY,1594.98643263331,1571.0616361438103,1571.0616361438103,1642.8360256123092,3,-71.77438946849884,0.7457064986228943,SL
2021-12-01,2021-12-01,ADANIENT.NS,BUY,1690.8878742435757,1665.524556129922,1665.524556129922,1741.614510470883,2,-50.726636227307154,0.6026778221130371,SL
2021-12-03,2021-12-03,RELIANCE.NS,BUY,1136.801959680644,1119.7499302854342,1119.7499302854342,1170.9060184710631,4,-68.20811758083892,0.7549121975898743,SL
2021-12-07,2021-12-08,ADANIENT.NS,BUY,1655.8523230250069,1705.5278927157572,1631.0145381796317,1705.5278927157572,2,99.35113938150062,0.7393466234207153,TP
2021-12-13,2021-12-13,RELIANCE.NS,BUY,1125.4722255996962,1108.5901422157008,1108.5901422157008,1159.2363923676871,4,-67.5283335359818,0.631351888179779,SL
2021-12-14,2021-12-17,RELIANCE.NS,BUY,1082.928707386146,1066.6847767753538,1066.6847767753538,1115.4165686077304,4,-64.9757224431687,0.6612929701805115,SL
2021-12-16,2021-12-17,ADANIENT.NS,SELL,1704.163450567297,1653.038547050278,1729.7259023258066,1653.038547050278,2,102.24980703403799,0.8327281475067139,TP
2021-12-16,2021-12-17,SBIN.NS,SELL,454.7689339050586,441.12586588790685,461.5904679136345,441.12586588790685,10,136.43068017151734,0.7215265035629272,TP
2021-12-17,2021-12-17,ADANIENT.NS,BUY,1695.828681803078,1670.391251576032,1670.391251576032,1746.7035422571705,2,-50.87486045409241,0.8696038126945496,SL
2021-12-17,2021-12-17,AXISBANK.NS,BUY,704.5582205288981,693.9898472209646,693.9898472209646,725.6949671447651,6,-63.410239847600906,0.6966703534126282,SL
2021-12-17,2021-12-17,RELIANCE.NS,BUY,1091.1416846044397,1074.7745593353732,1074.7745593353732,1123.8759351425729,4,-65.46850107626597,0.7840165495872498,SL
2021-12-17,2021-12-17,SBIN.NS,BUY,447.0396555810828,440.33406074736655,440.33406074736655,460.4508452485153,10,-67.05594833716248,0.7641029953956604,SL
2021-12-20,2021-12-20,ADANIENT.NS,BUY,1626.0072376154235,1601.6171290511923,1601.6171290511923,1674.7874547438862,2,-48.78021712846248,0.8677653670310974,SL
2021-12-20,2021-12-20,AXISBANK.NS,BUY,678.1186757320387,667.9468955960581,667.9468955960581,698.4622360039998,7,-71.20246095186428,0.6132563352584839,SL
2021-12-24,2021-12-27,ADANIENT.NS,SELL,1676.913563261421,1702.0672667103422,1702.0672667103422,1626.6061563635783,2,-50.30740689784261,0.7005953192710876,SL
2022-01-20,2022-01-20,INFY.NS,BUY,1690.3190361284492,1664.9642505865224,1664.9642505865224,1741.0286072123026,2,-50.70957108385346,0.644507646560669,SL
2022-01-21,2022-01-21,ADANIENT.NS,BUY,1857.431382673178,1829.5699119330802,1829.5699119330802,1913.1543241533732,2,-55.72294148019546,0.6637809872627258,SL
2022-01-24,2022-01-24,ADANIENT.NS,BUY,1818.652541001836,1791.3727528868085,1791.3727528868085,1873.212117231891,2,-54.55957623005497,0.6862307190895081,SL
2022-01-24,2022-01-24,INFY.NS,BUY,1617.9029588836445,1593.6344145003898,1593.6344145003898,1666.440047650154,2,-48.53708876650944,0.6150542497634888,SL
2022-01-25,2022-01-25,ADANIENT.NS,SELL,1664.9356283449029,1689.9096627700765,1689.9096627700765,1614.9875594945559,2,-49.94806885034723,0.6124791502952576,SL
2022-01-27,2022-01-27,ADANIENT.NS,BUY,1714.843675136001,1689.1210200089608,1689.1210200089608,1766.288985390081,2,-51.44531025408014,0.6116377115249634,SL
2022-02-04,2022-02-08,ADANIENT.NS,SELL,1754.7701984231237,1702.12709247043,1781.0917513994705,1702.12709247043,2,105.28621190538752,0.6757985353469849,TP
2022-02-07,2022-02-08,ADANIENT.NS,SELL,1761.7574892651012,1708.904764587148,1788.1838516040777,1708.904764587148,2,105.70544935590624,0.6183335781097412,TP
2022-02-08,2022-02-08,ADANIENT.NS,SELL,1736.204570378622,1684.1184332672633,1762.2476389343014,1684.1184332672633,2,104.17227422271753,0.6231521964073181,TP
2022-02-14,2022-02-14,ADANIENT.NS,BUY,1733.110247858403,1707.1135941405269,1707.1135941405269,1785.103555294155,2,-51.993307435752286,0.8891950845718384,SL
2022-02-18,2022-02-21,ADANIENT.NS,BUY,1735.805220486552,1709.7681421792536,1709.7681421792536,1787.8793771011485,2,-52.07415661459663,0.721510648727417,SL
2022-02-21,2022-02-21,ADANIENT.NS,BUY,1735.6055047571026,1709.571422185746,1709.571422185746,1787.6736698998156,2,-52.06816514271304,0.8395470380783081,SL
2022-02-25,2022-03-04,INFY.NS,SELL,1572.0699807371516,1579.678466796875,1595.6510304482088,1524.907881315037,3,-22.825458179170255,0.6026992201805115,EXIT
2022-02-28,2022-02-28,AXISBANK.NS,BUY,746.7819868541975,735.5802570513845,735.5802570513845,769.1854464598234,6,-67.21037881687812,0.7273593544960022,SL
2022-03-02,2022-03-03,ICICIBANK.NS,BUY,695.5040227620968,685.0714624206654,685.0714624206654,716.3691434449597,6,-62.59536204858864,0.6026984453201294,SL
2022-03-03,2022-03-03,AXISBANK.NS,BUY,752.8565623816262,741.5637139459018,741.5637139459018,775.442259253075,6,-67.75709061434645,0.7140101790428162,SL
2022-03-03,2022-03-03,ICICIBANK.NS,BUY,696.0859890579119,685.6446992220432,685.6446992220432,716.9685687296493,6,-62.64773901521221,0.7725009322166443,SL
2022-03-07,2022-03-07,AXISBANK.NS,BUY,690.118482173446,679.7667049408443,679.7667049408443,710.8220366386494,6,-62.11066339560989,0.7088066935539246,SL
2022-03-07,2022-03-07,SBIN.NS,BUY,416.7279487446068,410.4770295134377,410.4770295134377,429.229787206945,11,-68.76011154286033,0.731101930141449,SL
2022-03-24,2022-03-24,HDFCBANK.NS,BUY,681.8892942903519,671.6609548759966,671.6609548759966,702.3459731190625,7,-71.59837590048733,0.8614012002944946,SL
2022-04-05,2022-04-05,HDFCBANK.NS,BUY,775.2421066620923,763.6134750621609,763.6134750621609,798.4993698619551,6,-69.77178959958837,0.7381607890129089,SL
2022-04-06,2022-04-06,HDFCBANK.NS,BUY,738.4963900456509,727.4189441949661,727.4189441949661,760.6512817470203,6,-66.46467510410844,0.6927741765975952,SL
2022-04-07,2022-04-11,RELIANCE.NS,SELL,1180.8016922079776,1198.5137175910972,1198.5137175910972,1145.3776414417382,4,-70.84810153247872,0.6137233376502991,SL
2022-04-11,2022-04-11,INFY.NS,BUY,1662.81914798787,1637.876860768052,1637.876860768052,1712.7037224275061,2,-49.88457443963625,0.6594417095184326,SL
2022-04-13,2022-04-18,HDFCBANK.NS,SELL,693.0526191017818,672.2610405287284,703.4484083883085,672.2610405287284,6,124.74947143832082,0.6472741365432739,TP
2022-04-18,2022-04-18,HDFCBANK.NS,BUY,659.9581677971256,650.0587952801687,650.0587952801687,679.7569128310394,7,-69.29560761869811,0.6444461345672607,SL
2022-04-22,2022-04-22,SBIN.NS,BUY,477.6307590507531,470.4662976649918,470.4662976649918,491.9596818222757,10,-71.64461385761285,0.7469673156738281,SL
2022-04-28,2022-04-29,AXISBANK.NS,BUY,773.6696509077843,762.0646061441676,762.0646061441676,796.8797404350179,6,-69.63026858170065,0.6413311958312988,SL
2022-04-29,2022-04-29,SBIN.NS,BUY,473.16080767692927,466.06339556177534,466.06339556177534,487.3556319072371,10,-70.9741211515393,0.6038519740104675,SL
2022-05-04,2022-05-04,AXISBANK.NS,BUY,729.9521713782924,719.002888807618,719.002888807618,751.8507365196411,6,-65.69569542404656,0.688479483127594,SL
2022-05-05,2022-05-06,ADANIENT.NS,BUY,2265.8298681614588,2231.8424201390367,2231.8424201390367,2333.8047642063025,2,-67.97489604484417,0.6382599472999573,SL
2022-05-05,2022-05-06,AXISBANK.NS,SELL,713.0228322851003,691.6321473165473,723.7181747693768,691.6321473165473,6,128.34410981131828,0.701492190361023,TP
2022-05-06,2022-05-10,ADANIENT.NS,BUY,2205.939866480264,2172.8507684830597,2172.8507684830597,2272.1180624746717,2,-66.17819599440827,0.7966572642326355,SL
2022-05-06,2022-05-06,AXISBANK.NS,BUY,687.13098974294,676.8240248967959,676.8240248967959,707.7449194352282,6,-61.841789076864416,0.735846757888794,SL
2022-05-09,2022-05-09,ADANIENT.NS,BUY,2225.4041339325768,2192.0230719235883,2192.0230719235883,2292.166257950554,2,-66.76212401797693,0.7521435618400574,SL
2022-05-10,2022-05-10,ADANIENT.NS,BUY,2185.9763669097388,2153.1867214060926,2153.1867214060926,2251.555657917031,2,-65.57929100729234,0.7910614013671875,SL
2022-05-12,2022-05-12,AXISBANK.NS,BUY,664.2266262089357,654.2632268158017,654.2632268158017,684.1534249952037,7,-69.74379575193848,0.6240837574005127,SL
2022-05-12,2022-05-12,SBIN.NS,BUY,440.4744454115289,433.86732873035595,433.86732873035595,453.68867877387476,10,-66.07116681172954,0.6160302758216858,SL
2022-05-24,2022-05-25,ADANIENT.NS,BUY,2157.029780138941,2124.674333436857,2124.674333436857,2221.740673543109,2,-64.71089340416802,0.6095707416534424,SL
2022-05-25,2022-05-25,ADANIENT.NS,BUY,2164.0170354053653,2131.556779874285,2131.556779874285,2228.9375464675263,2,-64.92051106216059,0.6336442828178406,SL
2022-06-03,2022-06-03,AXISBANK.NS,BUY,694.4005415217281,683.9845333989022,683.9845333989022,715.23255776738,6,-62.49604873695557,0.750249981880188,SL
2022-06-15,2022-06-15,ADANIENT.NS,BUY,2214.324379458096,2181.109513766224,2181.109513766224,2280.7541108418386,2,-66.42973138374327,0.6644032597541809,SL
2022-06-16,2022-06-16,SBIN.NS,BUY,430.4665500203016,424.0095517699971,424.0095517699971,443.3805465209107,11,-71.0269807533499,0.6951838135719299,SL
2022-06-16,2022-06-16,TCS.NS,BUY,3084.7288189747774,3038.4578866901556,3038.4578866901556,3177.270683544021,1,-46.27093228462172,0.6520853042602539,SL
2022-08-19,2022-08-19,ADANIENT.NS,BUY,3173.509856684568,3125.9072088342996,3125.9072088342996,3268.7151523851053,1,-47.60264785026857,0.6591015458106995,SL
2022-08-22,2022-08-22,ADANIENT.NS,BUY,3129.572055963852,3082.6284751243943,3082.6284751243943,3223.4592176427677,1,-46.94358083945781,0.8984903693199158,SL
2022-09-08,2022-09-13,ADANIENT.NS,SELL,3494.0562750901054,3546.467119216457,3546.467119216457,3389.2345868374023,1,-52.41084412635155,0.7714911699295044,SL
2022-09-15,2022-09-15,INFY.NS,BUY,1366.3908462433817,1345.894983549731,1345.894983549731,1407.382571630683,3,-61.48758808095204,0.8132182359695435,SL
2022-09-23,2022-09-23,SBIN.NS,BUY,534.1700365315244,526.1574859835515,526.1574859835515,550.1951376274701,8,-64.10040438378292,0.6020365357398987,SL
2022-09-26,2022-09-26,ADANIENT.NS,BUY,3641.14823966292,3586.531016067976,3586.531016067976,3750.3826868528076,1,-54.61722359494388,0.8258655667304993,SL
2022-09-26,2022-09-26,AXISBANK.NS,BUY,756.9946330813846,745.6397135851638,745.6397135851638,779.7044720738261,6,-68.12951697732456,0.6461820602416992,SL
2022-09-27,2022-09-27,ADANIENT.NS,SELL,3590.9193005879924,3483.1917215703525,3644.7830900968124,3483.1917215703525,1,107.72757901763998,0.7078855633735657,TP
2022-09-29,2022-09-29,ADANIENT.NS,BUY,3578.436814376659,3524.7602621610095,3524.7602621610095,3685.789918807959,1,-53.676552215649735,0.8492356538772583,SL
2022-09-30,2022-10-03,AXISBANK.NS,BUY,718.0976211190294,739.6405497526004,707.326156802244,739.6405497526004,6,129.25757180142546,0.7749362587928772,TP
2022-10-03,2022-10-06,AXISBANK.NS,BUY,729.0685954085686,750.9406532708257,718.1325664774402,750.9406532708257,6,131.2323471735424,0.6266112923622131,TP
2022-11-16,2022-11-16,ADANIENT.NS,BUY,4051.567686872965,3990.7941715698707,3990.7941715698707,4173.114717479154,1,-60.77351530309443,0.6995402574539185,SL
2022-11-23,2022-11-23,ADANIENT.NS,BUY,4044.277838069837,3983.6136704987894,3983.6136704987894,4165.606173211932,1,-60.66416757104753,0.7507669925689697,SL
2022-12-21,2022-12-21,ADANIENT.NS,BUY,4169.101015699344,4106.5645004638545,4106.5645004638545,4294.174046170325,1,-62.53651523548979,0.6360340118408203,SL
2023-01-16,2023-01-17,INFY.NS,SELL,1414.1007294931478,1435.312240435545,1435.312240435545,1371.6777076083533,3,-63.63453282719138,0.7458693981170654,SL
2023-01-27,2023-01-27,ADANIENT.NS,BUY,3330.2883232358454,3280.3339983873075,3280.3339983873075,3430.1969729329207,1,-49.95432484853791,0.8250249028205872,SL
2023-02-01,2023-02-01,ADANIENT.NS,BUY,2990.7682891943814,2945.9067648564655,2945.9067648564655,3080.4913378702126,1,-44.86152433791585,0.9755856394767761,SL
2023-02-02,2023-02-02,ADANIENT.NS,BUY,2345.5315813411253,2310.3486076210083,2310.3486076210083,2415.897528781359,2,-70.36594744023387,0.9760437607765198,SL
2023-02-09,2023-02-09,ADANIENT.NS,BUY,2164.936966025569,2132.4629115351854,2132.4629115351854,2229.8850750063357,2,-64.94810898076685,0.9652618169784546,SL
2023-02-10,2023-02-10,ADANIENT.NS,BUY,1766.5006359460613,1819.495655024443,1740.0031264068703,1819.495655024443,2,105.9900381567636,0.972279965877533,TP
2023-02-13,2023-02-13,ADANIENT.NS,BUY,1847.3862533756512,1902.8078409769207,1819.6754595750165,1902.8078409769207,2,110.84317520253899,0.9603253602981567,TP
2023-02-14,2023-02-14,ADANIENT.NS,SELL,1732.548722779059,1680.5722610956873,1758.536953620745,1680.5722610956873,2,103.95292336674356,0.7727574110031128,TP
2023-02-15,2023-02-15,ADANIENT.NS,SELL,1777.4851786219208,1804.1474563012496,1804.1474563012496,1724.1606232632632,2,-53.32455535865756,0.6966373324394226,SL
2023-02-16,2023-02-16,ADANIENT.NS,SELL,1817.428609147854,1844.690038285072,1844.690038285072,1762.9057508734186,2,-54.52285827443575,0.8501775860786438,SL
2023-02-17,2023-02-17,ADANIENT.NS,BUY,1797.4568247205748,1770.4949723497662,1770.4949723497662,1851.380529462192,2,-53.92370474161726,0.9329428672790527,SL
2023-02-20,2023-02-20,ADANIENT.NS,BUY,1647.6687690159647,1622.9537374807253,1622.9537374807253,1697.0988320864437,2,-49.43006307047881,0.9761857390403748,SL
2023-02-21,2023-02-21,ADANIENT.NS,BUY,1623.702708009222,1599.3471673890838,1599.3471673890838,1672.4137892494987,2,-48.7110812402766,0.9762290120124817,SL
2023-02-22,2023-02-22,ADANIENT.NS,BUY,1532.831252311872,1509.838783527194,1509.838783527194,1578.8161898812282,3,-68.9774063540342,0.9804646968841553,SL
2023-02-23,2023-02-23,ADANIENT.NS,BUY,1378.0502529031262,1419.39176049022,1357.3794991095792,1419.39176049022,3,124.0245227612811,0.9622085094451904,TP
2023-02-24,2023-02-24,ADANIENT.NS,BUY,1408.007805856573,1386.8876887687245,1386.8876887687245,1450.2480400322702,3,-63.36035126354545,0.9840717911720276,SL
2023-02-27,2023-02-27,ADANIENT.NS,BUY,1298.1632483569858,1278.690799631631,1278.690799631631,1337.1081458076953,3,-58.41734617606426,0.9859930276870728,SL
2023-03-09,2023-03-09,ADANIENT.NS,BUY,2046.9038465792253,2016.2002888805368,2016.2002888805368,2108.310961976602,2,-61.407115397376856,0.9079186320304871,SL
2023-03-10,2023-03-10,ADANIENT.NS,BUY,1867.3579398815605,1923.3786780780074,1839.347570783337,1923.3786780780074,2,112.04147639289386,0.9542452692985535,TP
2023-03-10,2023-03-13,SBIN.NS,BUY,523.1046125600982,515.2580433716968,515.2580433716968,538.7977509369011,9,-70.61912269561276,0.6335567831993103,SL
2023-03-13,2023-03-13,ADANIENT.NS,BUY,1914.2914956185523,1971.7202404871089,1885.5771231842741,1971.7202404871089,2,114.85748973711316,0.905016303062439,TP
2023-03-14,2023-03-14,ADANIENT.NS,BUY,1871.352324764628,1843.2820398931585,1843.2820398931585,1927.492894507567,2,-56.14056974293908,0.8927345871925354,SL
2023-03-16,2023-03-16,ADANIENT.NS,SELL,1858.3705956737133,1802.619477803502,1886.246154608819,1802.619477803502,2,111.50223574042275,0.6968810558319092,TP
2023-03-24,2023-03-24,ADANIENT.NS,BUY,1793.4625718254022,1766.560633248021,1766.560633248021,1847.2664489801641,2,-53.803877154762176,0.6858934164047241,SL
2023-05-02,2023-05-03,ADANIENT.NS,BUY,1932.266070365936,1903.282079310447,1903.282079310447,1990.234052476914,2,-57.96798211097803,0.6027591824531555,SL
2023-05-03,2023-05-03,ADANIENT.NS,BUY,1916.2887038562271,1887.5443732983838,1887.5443732983838,1973.777364971914,2,-57.48866111568668,0.6445483565330505,SL
2023-05-15,2023-05-15,ADANIENT.NS,BUY,1957.1310411006,1927.774075484091,1927.774075484091,2015.844972333618,2,-58.713931233017775,0.6761338710784912,SL
2023-05-15,2023-05-19,SBIN.NS,BUY,547.3635185418273,539.1530657636998,539.1530657636998,563.7844240980821,8,-65.68362222501946,0.6277516484260559,SL
2023-05-24,2023-05-24,ADANIENT.NS,BUY,2705.1724239644386,2664.594837604972,2664.594837604972,2786.3275966833717,1,-40.57758635946675,0.9656503796577454,SL
2023-06-16,2023-06-19,ADANIENT.NS,SELL,2495.668990580226,2420.798920862819,2533.1040254389295,2420.798920862819,1,74.87006971740675,0.6091205477714539,TP
2023-06-19,2023-06-19,ADANIENT.NS,BUY,2500.46221899783,2462.9552857128624,2462.9552857128624,2575.476085567765,1,-37.506933284967545,0.809127151966095,SL
2023-06-20,2023-06-22,ADANIENT.NS,SELL,2431.559594302752,2358.6128064736695,2468.032988217293,2358.6128064736695,1,72.9467878290825,0.7709081768989563,TP
2023-06-22,2023-06-22,ADANIENT.NS,BUY,2421.6737866595613,2385.3486798596678,2385.3486798596678,2494.324000259348,1,-36.32510679989355,0.7979907393455505,SL
2023-06-23,2023-06-23,ADANIENT.NS,BUY,2388.919990737277,2353.086190876218,2353.086190876218,2460.5875904593954,1,-35.833799861059106,0.7988163828849792,SL
2023-07-21,2023-07-21,RELIANCE.NS,BUY,1290.357730278342,1271.0023643241668,1271.0023643241668,1329.0684621866922,3,-58.06609786252534,0.7188814282417297,SL
2023-08-16,2023-08-17,ADANIENT.NS,SELL,2447.760902754133,2484.477316295445,2484.477316295445,2374.328075671509,1,-36.716413541311795,0.6490825414657593,SL
2023-10-13,2023-10-17,INFY.NS,BUY,1333.4542976485548,1373.4579265780114,1313.4524831838264,1373.4579265780114,3,120.01088678837004,0.7693105340003967,TP
2023-12-06,2023-12-06,ADANIENT.NS,BUY,3077.1850808526683,3031.0273046398784,3031.0273046398784,3169.500633278248,1,-46.15777621278994,0.9710270762443542,SL
2023-12-07,2023-12-07,ADANIENT.NS,BUY,2897.349583950841,2853.8893401915784,2853.8893401915784,2984.270071469366,1,-43.46024375926254,0.7698917388916016,SL
2023-12-08,2023-12-08,ADANIENT.NS,BUY,2900.046985558568,2856.546280775189,2856.546280775189,2987.048395125325,1,-43.50070478337875,0.7351297736167908,SL
2023-12-20,2023-12-20,ADANIENT.NS,BUY,2943.307620070773,2899.158005769711,2899.158005769711,3031.606848672896,1,-44.149614301061774,0.758521318435669,SL
2023-12-22,2023-12-26,ADANIENT.NS,SELL,2813.3763550065723,2855.577000331671,2855.577000331671,2728.9750643563752,1,-42.200645325098776,0.6610419154167175,SL
2024-01-12,2024-01-12,INFY.NS,BUY,1501.647876177143,1546.6973124624571,1479.1231580344859,1546.6973124624571,3,135.14830885594256,0.6478244066238403,TP
2024-01-17,2024-01-17,HDFCBANK.NS,BUY,747.2262377731199,736.0178442065231,736.0178442065231,769.6430249063135,6,-67.2503613995807,0.602271318435669,SL
2024-01-18,2024-01-19,HDFCBANK.NS,BUY,711.05478415983,700.3889623974326,700.3889623974326,732.3864276846249,6,-63.9949305743844,0.7773982882499695,SL
2024-01-23,2024-01-23,HDFCBANK.NS,BUY,697.2524752517585,686.7936881229821,686.7936881229821,718.1700495093112,6,-62.752722772658444,0.6629316210746765,SL
2024-03-14,2024-03-14,AXISBANK.NS,BUY,1073.2536735868105,1057.1548684830084,1057.1548684830084,1105.4512837944148,4,-64.39522041520831,0.7100455164909363,SL
2024-04-15,2024-04-16,INFY.NS,SELL,1422.8161919534118,1380.1317061948096,1444.158434832713,1380.1317061948096,3,128.05345727580675,0.6153584122657776,TP
2024-05-03,2024-05-06,INFY.NS,SELL,1367.1532231788374,1387.66052152652,1387.66052152652,1326.1386264834723,3,-61.52189504304761,0.6205400228500366,SL
2024-05-24,2024-05-24,ADANIENT.NS,SELL,3402.8870108415185,3453.9303160041413,3453.9303160041413,3300.800400516273,1,-51.0433051626228,0.6230278015136719,SL
2024-05-27,2024-05-27,ADANIENT.NS,BUY,3354.9308780785914,3304.6069149074124,3304.6069149074124,3455.578804420949,1,-50.323963171179,0.839419960975647,SL
2024-05-28,2024-05-30,ADANIENT.NS,SELL,3306.625104735835,3207.42635159376,3356.224481306873,3207.42635159376,1,99.19875314207502,0.6906660795211792,TP
2024-05-31,2024-05-31,INFY.NS,SELL,1374.5880898199573,1395.2069111672567,1395.2069111672567,1333.3504471253586,3,-61.856464041898334,0.6065061092376709,SL
2024-06-04,2024-06-04,ADANIENT.NS,BUY,3516.7830960475985,3464.0313496068848,3464.0313496068848,3622.2865889290265,1,-52.75174644071376,0.7831522822380066,SL
2024-06-04,2024-06-04,INFY.NS,SELL,1373.807893135552,1332.5936563414853,1394.4150115325851,1332.5936563414853,3,123.6427103822,0.692577600479126,TP
2024-06-04,2024-06-04,RELIANCE.NS,BUY,1487.0437791255476,1464.7381224386645,1464.7381224386645,1531.6550924993142,3,-66.91697006064942,0.6171495318412781,SL
2024-06-04,2024-06-04,SBIN.NS,BUY,879.3431739398783,866.1530263307801,866.1530263307801,905.7234691580746,5,-65.95073804549088,0.810864269733429,SL
2024-07-04,2024-07-04,HDFCBANK.NS,BUY,860.7264431387283,847.8155464916474,847.8155464916474,886.5482364328901,5,-64.55448323540452,0.8688036799430847,SL
2024-09-18,2024-09-18,TCS.NS,BUY,4421.007962696659,4354.692843256209,4354.692843256209,4553.638201577559,1,-66.31511944044996,0.6218173503875732,SL
2024-10-03,2024-10-03,ADANIENT.NS,BUY,3148.390093939295,3101.1642425302057,3101.1642425302057,3242.841796757474,1,-47.2258514090895,0.7639279961585999,SL
2024-10-03,2024-10-03,HDFCBANK.NS,BUY,839.156363088456,826.5690176421292,826.5690176421292,864.3310539811097,5,-62.93672723163411,0.6554911136627197,SL
2024-10-18,2024-10-21,INFY.NS,BUY,1846.4993341440768,1818.8018441319157,1818.8018441319157,1901.894314168399,2,-55.394980024322194,0.6081175804138184,SL
2024-11-21,2024-11-22,INFY.NS,BUY,1816.442429577535,1870.9357024648612,1789.195793133872,1870.9357024648612,2,108.98654577465231,0.6057019233703613,TP
2024-11-22,2024-11-22,INFY.NS,BUY,1828.374498334409,1883.2257332844413,1800.9488808593928,1883.2257332844413,2,109.70246990006444,0.6030558347702026,TP
2024-12-03,2024-12-03,ADANIENT.NS,BUY,2462.740743179148,2536.6229654745225,2425.799632031461,2536.6229654745225,1,73.8822222953745,0.6765825748443604,TP
2024-12-04,2024-12-04,ADANIENT.NS,BUY,2526.7081057721216,2488.8074841855396,2488.8074841855396,2602.509348945285,1,-37.90062158658202,0.8000474572181702,SL
2025-01-27,2025-01-27,RELIANCE.NS,BUY,1234.1708090151494,1215.6582468799222,1215.6582468799222,1271.1959332856038,3,-55.5376864056816,0.6191472411155701,SL
2025-02-04,2025-02-04,RELIANCE.NS,BUY,1243.085282988569,1280.377841478226,1224.4390037437404,1280.377841478226,3,111.87767546897112,0.6278769969940186,TP
2025-02-13,2025-02-13,INFY.NS,BUY,1842.5748307737583,1814.9362083121518,1814.9362083121518,1897.852075696971,2,-55.27724492321295,0.616483747959137,SL
2025-03-25,2025-03-26,ADANIENT.NS,SELL,2383.7811703177367,2312.2677352082046,2419.537887872503,2312.2677352082046,1,71.51343510953211,0.6474487781524658,TP
2025-04-03,2025-04-04,RELIANCE.NS,BUY,1228.145018441354,1209.7228431647338,1209.7228431647338,1264.9893689945948,3,-55.26652582986071,0.7365431189537048,SL
2025-06-02,2025-06-03,INFY.NS,BUY,1560.0,1536.6,1536.6,1606.8,3,-70.20000000000027,0.7213362455368042,SL
2025-06-04,2025-06-10,INFY.NS,BUY,1543.0,1589.29,1519.855,1589.29,3,138.8699999999999,0.6858423948287964,TP
2025-06-23,2025-06-23,INFY.NS,BUY,1601.0,1576.985,1576.985,1649.03,2,-48.0300000000002,0.6243822574615479,SL
2025-06-24,2025-06-24,INFY.NS,BUY,1601.0,1576.985,1576.985,1649.03,2,-48.0300000000002,0.7366722226142883,SL
2025-07-29,2025-07-31,ADANIENT.NS,SELL,2529.0,2453.13,2566.935,2453.13,1,75.86999999999989,0.6506861448287964,TP
2025-09-04,2025-09-04,INFY.NS,BUY,1484.0,1461.74,1461.74,1528.52,3,-66.77999999999997,0.6218916177749634,SL
2025-09-10,2025-09-16,RELIANCE.NS,BUY,1383.9000244140625,1405.300048828125,1363.1415240478516,1425.4170251464843,3,64.2000732421875,0.6690545082092285,EXIT
2025-09-12,2025-09-18,RELIANCE.NS,BUY,1383.300048828125,1415.0,1362.550548095703,1424.7990502929688,3,95.099853515625,0.6293091773986816,EXIT
2025-09-22,2025-09-22,ADANIENT.NS,BUY,2535.0,2611.05,2496.975,2611.05,1,76.05000000000018,0.7513360381126404,TP
2025-09-23,2025-09-23,ADANIENT.NS,BUY,2642.60009765625,2602.9610961914063,2602.9610961914063,2721.8781005859373,1,-39.63900146484366,0.7688987851142883,SL
2025-09-24,2025-09-24,ADANIENT.NS,BUY,2655.0,2615.175,2615.175,2734.65,1,-39.82499999999982,0.6463948488235474,SL
2025-09-24,2025-09-26,INFY.NS,BUY,1487.199951171875,1464.8919519042968,1464.8919519042968,1531.8159497070312,3,-66.92399780273468,0.7653294801712036,SL
2025-09-25,2025-09-26,INFY.NS,BUY,1489.0,1466.665,1466.665,1533.67,3,-67.00500000000011,0.6847931742668152,SL
2025-09-26,2025-09-26,INFY.NS,BUY,1475.0,1452.875,1452.875,1519.25,3,-66.375,0.7026183009147644,SL
2025-09-29,2025-09-30,RELIANCE.NS,BUY,1381.5999755859375,1364.0,1360.8759759521483,1423.0479748535156,3,-52.7999267578125,0.6070661544799805,EXIT
